<?xml version="1.0" encoding="utf-8" ?>
<questions>
	<question type="multi">
		<clue>What is the capital of the United Kingdom?</clue>
		<answer-option correct="Y">London</answer-option>
		<answer-option>Paris</answer-option>		
		<answer-option>Dunkirk</answer-option>
		<answer-option>Birmingham</answer-option>
	</question>
	
	<question type="multi">
		<clue>What colour are bananas?</clue>
		<answer-option>Green</answer-option>		
		<answer-option>Red</answer-option>
		<answer-option correct="Y">Yellow</answer-option>
		<answer-option>Purple</answer-option>
	</question>
	
	<question type="multi">
		<clue>Who was the first female prime minister of the United Kingdom?</clue>
		<answer-option>Diana Dors</answer-option>		
		<answer-option>Barbara Hepworth</answer-option>
		<answer-option>Meryl Streep</answer-option>
		<answer-option correct="Y">Margaret Thatcher</answer-option>
	</question>
 </questions>