<?xml version="1.0" encoding="utf-8" ?>
<words>
<word><hw></hw><def></def></word>
<word><hw></hw><def></def></word>
<word><hw></hw><def></def></word>
<word><hw></hw><def></def></word>
<word><hw></hw><def></def></word>
<word><hw></hw><def></def></word>
<word><hw></hw><def></def></word>
<word><hw></hw><def></def></word>
<word><hw></hw><def></def></word>
<word><hw></hw><def></def></word>
<word><hw></hw><def></def></word>
<word><hw></hw><def></def></word>
<word><hw></hw><def></def></word>
<word><hw></hw><def></def></word>
<word><hw></hw><def></def></word>
</words>