<?xml version="1.0" encoding="utf-8" ?>
<words>
<word><hw>Zapatera</hw><def>A cured olive which has spoiled or is on the verge of decomposition; loosely, an olive defective because of bruises, wormholes, or the like.</def></word>
<word><hw>Zaphrentis</hw><def>An extinct genus of cyathophylloid corals common in the Paleozoic formations. It is cup-shaped with numerous septa, and with a deep pit in one side of the cup.</def></word>
<word><hw>Zaptiah</hw><def>A Turkish policeman.</def></word>
<word><hw>Zarathustrian</hw><hw>Zarathustric</hw><def>Of or pertaining to Zarathustra, or Zoroaster; Zoroastrian.</def></word>
<word><hw>Zaratite</hw><def>A hydrous carbonate of nickel occurring as an emerald-green incrustation on chromite; -- called also emerald nickel.</def></word>
<word><hw>Zareba</hw><def>An improvised stockade; especially, one made of thorn bushes, etc.</def></word>
<word><hw>Zarf</hw><def>A metallic cuplike stand used for holding a finjan.</def></word>
<word><hw>Zarnich</hw><def>Native sulphide of arsenic, including sandarach, or realgar, and orpiment.</def></word>
<word><hw>Zarthe</hw><def>A European bream (Abramis vimba).</def></word>
<word><hw>Zastrugi</hw><def>Grooves or furrows formed in snow by the action of the wind, and running parallel with the direction of the wind. This formation results from the erosion of transverse waves previously formed.</def></word>
</words>